Setup,Punishment,Alpha,Beta,Average Loss,Last Epoch Loss,is Loss min,Task Converge,Task Fail Percentage,Safe Converge,Safe Fail Percentage,Average Time,Last Epoch Time,Average Energy,Last Epoch Energy,Average Reward,Total Reward,First 10 Avg Time,Last 10 Avg Time,First 10 Avg Energy,Last 10 Avg Energy,First 10 Avg Safe Fail,Last 10 Avg Safe Fail,First 10 Avg Task Fail,Last 10 Avg Task Fail
1,1,1,1,-7.1607723,-13.4779415,0,9699,0.0637936206379362,9970,0.04999500049995,0.3174518700667258,0.298464315,0.0146318811602889,0.0083785525929581,-0.3320837512270148,-3.0684286759295807,0.1671589090695714,0.3922889866833333,0.0413787123123427,0.0098459456443813,0.6,0.0,0.7,0.0
1,1,1,1,-7.3927107,-14.254997,0,9889,0.0687931206879312,9792,0.0494950504949505,0.3177590023515489,0.337151745,0.0147763672165902,0.0093072123387136,-0.3325353695681401,-3.464589573387137,0.1665177684932619,0.3531824123366666,0.0440125008637756,0.0091954527524708,0.2,0.0,0.8,0.0
01,10,1,1,-7.316435,-12.8453045,0,9987,0.065993400659934,9498,0.0430956904309569,0.3182439577882334,0.30298022750000003,0.013853896186685442,0.008705569777325995,-0.33209785397492025,-3.1168579727732597,0.18363487040811904,0.376023608,0.03699378718496578,0.008196255487889596,0.4,0.0,0.8,0.0
